RFM_Segment,Age,Income,TotalSpend,TotalPurchases,TotalAcceptedCampaigns,Customer_Tenure_Days,Response,Response_Rate,Tenure_Years
At Risk,46.505902192242836,62166.42917369308,1028.1753794266442,21.409780775716694,0.40472175379426645,752.6526138279933,0.26812816188870153,26.812816188870155,2.0606505512060047
Champions,46.3235294117647,74736.1050420168,1239.7563025210084,22.361344537815125,0.6722689075630253,337.3067226890756,0.12605042016806722,12.605042016806722,0.9234954762192351
Dormant,41.43421052631579,27841.22697368421,43.23684210526316,5.328947368421052,0.07894736842105263,731.3684210526316,0.09868421052631579,9.868421052631579,2.0023776072625092
Loyal Customers,48.10294117647059,62741.89495798319,790.5567226890756,18.090336134453782,0.4054621848739496,447.9159663865546,0.13655462184873948,13.655462184873949,1.2263270811404643
Needs Attention,41.20805369127517,32351.479865771813,146.0201342281879,9.449664429530202,0.06711409395973154,746.993288590604,0.19463087248322147,19.463087248322147,2.0451561631501822
New Customers,42.417391304347824,32591.5,33.72608695652174,5.817391304347826,0.09565217391304348,309.61739130434785,0.02608695652173913,2.608695652173913,0.8476862184923966
Others,42.80582524271845,32371.8786407767,49.56310679611651,5.41747572815534,0.06796116504854369,542.9514563106796,0.038834951456310676,3.8834951456310676,1.486520072034715
Potential Loyalists,43.919732441471574,40547.41220735786,116.12709030100335,8.521739130434783,0.07692307692307693,391.33110367892976,0.08695652173913043,8.695652173913043,1.0714061702366318
