accuracy,precision,recall,f1,auc
0.9647321428571428,0.9646031209269369,0.9647321428571428,0.9633468708032343,0.8690489847424573
